abc;bbb;bb@gmail.fr;45f83245da05ab3a3fd67eb479ac8069;L1-MIPI;A1;
Emmanuel ;macron;macron@gmail.fr;0298e9cacc9050f64b6b904d4f31457d;L1-MIPI;A1;
steven;adji;steven09@gmail.fr;254cc62d65bdcfb8d0ae4d53d7ac2520;L3-I;LPI-1;
steven;adji;steven1@gmail.fr;fe087d67013d18ba2c656f7ffb3f07da;L1-MIPI;A1;
Emmanuelle;Macron;Manu@hotmail.fr;20f56b398e2eee73569322d585a52064;L2-MI;B2;
nora;lafolle;nora@hotmail.fr;6aea7e456dc863446cdb86d193e83d4c;LP-RS;LPI-2;
Naomi;Laboss;naomi12@hotmail.fr;bbafe308545a4ea6f6a8fe1f152b0697;L2-MI;LPI-2;
mao;leplusmoche;mao@hotmail.fr;4da8138abdd55943db0f6359581d7137;LPI-WS;A1
laura;Laconne;laura@hotmail.fr;b1251f9d617641c1be875c57f6255b86;LP-RS;LPI-1
laura;Laconne;laura@hotmail.fr;0bd8b1eec07aec88227789c328665f96;LP-RS;LPI-1;
Anton;croquetaigne;anton@hotmail.fr;31a3d72d14170a8e5789e01ecf99a723;L2-MI;B2
eutasche ;laframboise;eutasch@gmail.fr;3ff5b37203c43c2cff4b46368974966c;LP-RS;LPI-2;
mallory;gousse;gousse@yahoo.fr;cd92f58aca5720137ba24bb563d69aa9;LPI-WS;LPI-2;
roger;Bourdette;RogerBourdette@jourrapide.com;e8b47619fd2614eb8b47b069c02ea4c2;L1-MIPI;LPI-2;
Seymour;Pelland;SeymourPelland@jourrapide.com;51c42a8a90932e7f841ca2d981d4ffbc;LPI-WS;LPI-3;
Paien;Brousseau;PaienBrousseau@armyspy.com;7271dd0d1e6da20d6b7171e35e137136;L1-MIPI;A1;
Longpré;Tyson;TysonLongpre@teleworm.us;00a12bbc0ef36f1ceaa09f0a0116b235;L1-MIPI;A1;
Curtis;Cantin;CurtisCantin@dayrep.com;27c7c4049edcef13456b32c487ff0467;L3-I;LPI-2;
Ranger;Durand;RangerDurand@jourrapide.com;d057a36f506ef688680331bb959946c7;LP-RS;LPI-1;
Raymond;Loiselle;RaymondLoiselle@dayrep.com;08d483aba348c2937d40188bd67f658e;L3-I;LPI-2;
Agramant;Pelland;AgramantPelland@teleworm.us;0df3a0e1240d6686ccf72e0b16a7a301;LPI-WS;LPI-3;
Fiacre;Miron;FiacreMiron@teleworm.us;c5c3dc1445b8fb5e2a22b5d77dcac96f;LP-RS;LPI-2;
Paradis;Hugh;HughParadis@jourrapide.com;6169b8a36b1d8690d39223a6521f2506;LP-RS;LPI-2;
Bousquet;Henry;HenryBousquet@teleworm.us;41c2cbf2a08a498f03c4fc20502f0348;LPI-WS;LPI-3;
Romain;Guédry;RomainGuedry@rhyta.com;aed90cb950fa36c95a9b516780fe8643;LPI-WS;LPI-2;
Hamilton;Desnoyers;HamiltonDesnoyers@dayrep.com;88f6a0478fa7966ab0eb1dabae1cb526;L3-I;LPI-1;
Aloin;Dastous;AloinDastous@armyspy.com;11fd43f1a74cdf584a75b161af5ec5ef;LP-RS;LPI-2;
Martin;Laboissonnière;MartinLaboissonniere@jourrapide.com;3296b6f200bdad5a25796c4073729cb1;LP-RS;LPI-1;
Colby;Hay;ColbyHay@dayrep.com;2b954b6aba08eb5070229012818944c9;LP-RS;LPI-1;
Chan;Ch'ien;ChanChien@dayrep.com;40240194b45b53cc4a2b98a49a0bb190;LP-RS;LPI-1;
Li ring;Rong Lei;LiRongLei@teleworm.us;65c9812484ce39d6171e77554e01d256;L3-I;LPI-2;
Lixue;Nioa;LixueNi@teleworm.us;03ad7124696f4566a38241ae7449dbeb;L2-MI;LPI-3;
串田 健太;串田 健;Dayer1987@armyspy.com;17c66089bc0fd0c3109454ba91666b66;LPI-WS;LPI-3;
宮地 誠;宮地 誠;Thispips1975@jourrapide.com;17e4f45d913b7e93953af5de6621b7c0;LPI-WS;LPI-3;
飯山 和子;飯山 和子;Gera1971@teleworm.us;5a27ee1d4645cb4a56656d8306d04555;LPI-WS;LPI-3;
志和 剛;志和 剛;Tiong1955@dayrep.com;240789ef45e222100e0756c7b7cff793;LPI-WS;LPI-3;
升田 朋美;升田 朋美;Bose1948@armyspy.com;f4571f44c24a066cac622818ac359894;LPI-WS;LPI-3;
角田 桜;角田 桜;Drelvel@rhyta.com;089026c776aab487167db6170e6b5114;LPI-WS;LPI-3;
谷貝 勇;谷貝 勇;Yousbariegs@teleworm.us;3649c4557ca4df925147ca50ed9312eb;LPI-WS;LPI-3;
浅野目 勝;浅野目 勝;Hinvallover91@rhyta.com;65f1715b0053656c3a4f3fd283fcbdae;LPI-WS;LPI-3;
藤永 清;藤永 清;Warad1980@jourrapide.com;5cfa621becd6ec25124cf8c030c782f9;LPI-WS;LPI-3;
Donald;Jackson;DonaldVJackson@dayrep.com;5ac839fc05c8b06272b150550036597c;LP-RS;LPI-2;
Robert;Ramirez;RobertDRamirez@rhyta.com;5a4fc0b6a1034ca9d08c1d46e7f5c934;LP-RS;LPI-2;
Pauline;Dupuy;PaulineDupuy@rhyta.com;9612b67362ee4bb71c878cd6fb6d851c;L3-I;B2;
Leroy;Chauvin;LeroyChauvin@dayrep.com;1e34f8316e8e7095486ff0371e0cfa87;L3-I;B2;
Harriette;Mercure;HarrietteMercure@armyspy.com;fc4c6608900887e162ac04fe75afdf54;L3-I;B2;
Masson;Noelle;NoelleMasson@jourrapide.com;bbcb6a8c50ecc53f7ef8355884c0947a;L3-I;B2;
Quinn;Phillipa;PhillipaQuinn@armyspy.com;bac4eef15ffe901a90e5bdfbc963546f;L3-I;B2;
Agate;Primeau;AgatePrimeau@dayrep.com;ac29c7c6598f83bbb7c19478f81e5223;L3-I;B2;
Gustave;Douffet;GustaveDouffet@jourrapide.com;e3afe738ed564a8652e25dc821b295d4;L3-I;B2;
Josephe;Bizier;JosepheBizier@teleworm.us;4f2a08c9b60f807b9f989ad3ea880ad1;L3-I;B2;
Mallory;Huppé;MalloryHuppe@jourrapide.com;728bbc6f60fa4dbb38c11fa3e472caaa;L3-I;B2;
Evrard;Charette;EvrardCharette@teleworm.us;45ef5d8be9b849f4cc983c25d1b13353;L3-I;B2;
adji;steven;steven@gmail.fr;db901e3654063c41863a06a22d5746a6;L3-I;LPI-1
stephane;boa;stephane@hotmail.fr;1cdbf4b58b78ff1424e98285488696a7;LPI-WS;B2
Angela;Smither;AngelaGSmither@rhyta.com;04b2709ed8e7ee26f3e1f239b53095d0;L3-I;A1;
Maria;Montgomery;MariaRMontgomery@armyspy.com;f35a678c472bd96449b74a9ce60fb097;L3-I;A1;
Herb;Moore;HerbDMoore@rhyta.com;ab7ba092d1b54606f92519be8a5e7854;L3-I;A1;
Deborah;Woodall;DeborahJWoodall@armyspy.com;215389597ce94374daa4235a07462aef;L3-I;A1;
Marjory;Hal;MarjoryPHall@rhyta.com;fbb117d50d1a77eb92b272e1f5500650;L3-I;A1
Frechette;Kathie;KathiePFrechette@armyspy.com;1620dd0296cb2bbe12158e402e46407b;L3-I;A1;
Mitchell;Boyd;MitchellDBoyd@dayrep.com;c26eb5edcd29c24d90b55df79d838b7f;L3-I;A1;
Evelyn;Hanna;EvelynDHanna@dayrep.com;9e09b2557a4b9be2573d52085eef5ad1;L3-I;A1;
Cara;Dunn;CaraTDunn@dayrep.com;7bf67086b2f0acde5ae05c39a4b2ce82;L3-I;A1;
Robert;Utter;RobertDUtter@armyspy.com;66c1a656737e6c9e5bf69b750d0e0b69;L1-MIPI;B2;
Keith;Mitchell;KeithBMitchell@armyspy.com;1461cb85e6ef0a4f34f8ca628926cd5b;L1-MIPI;B2;
Eugene;Reed;EugeneEReed@jourrapide.com;e7f006f19b79407952eecaf2fb1e9f4d;L1-MIPI;B2;
Jane;Foster;JaneKFoster@rhyta.com;b96f2ce76d42704b768b0074abc0fb45;L1-MIPI;B2;
Angel;Bennett;AngelTBennett@rhyta.com;6f147043951f0b693207a965ac2d4cc1;L1-MIPI;B2;
Laura;Cline;LauraACline@armyspy.com;aaa96ac6fc307ee6030f6750f40a2f5b;L1-MIPI;B2;
William;Rosenbaum;WilliamJRosenbaum@dayrep.com;d29943a1d3c41e8532e18dc553db40c0;L1-MIPI;B2;
Kristopher;Loyd;KristopherPLoyd@rhyta.com;0f27c3705f5ddd727bf6bd319cbf7462;L1-MIPI;B2;
Beverly;Perez;BeverlyJPerez@rhyta.com;5b2ddfea1e191bf73c7a0293e242cbb3;L1-MIPI;B2;
John;Pritchard;JohnDPritchard@dayrep.com;d35875ef2afb47534c8aaccbdb536b57;L1-MIPI;B2;
Marcos;Clements;MarcosAClements@armyspy.com;46ef0cad418064f0f6aa33ffe85f971c;L2-MI;B2;
Joel;Johns;JoelCJohns@jourrapide.com;a5228b62ef89018149456d8cabfc3830;L1-MIPI;LPI-3;
Daniel;Rios;DanielSRios@teleworm.us;67a00140693287b20449eedc31457e2a;L2-MI;A1;
Robert;Smith;RobertCSmith@teleworm.us;954e0f2b948868d6dad5e2e652a6339b;L2-MI;A1;
Kenneth;Benoit;KennethMBenoit@armyspy.com;973e9585be3985fb512dabfbeff46537;L2-MI;A1;
Richard;Winchester;RichardMWinchester@armyspy.com;3e8205522d214eebe17374ab31cb24aa;L2-MI;A1;
Lewis;Rober;RobertLLewis@teleworm.us;fb727ca368b5d52ad91dde729fd0535d;L2-MI;A1
maodan;rmondir;mao@gmail.fr;b4619354e0e8e98c39e7311287b477ca;;A1;
kiki;brasCasser;killian@hotmail.fr;99c071c88a7cb9510224dfb4f77d059c;;LPI-2;
